Effective date, Entry price (per unit), Exit price (per unit)
05 Apr 2015, 1.195910, 1.195910
06 Apr 2015, 1.195910, 1.195910
07 Apr 2015, 1.199230, 1.199230
08 Apr 2015, 1.202060, 1.202060
09 Apr 2015, 1.203410, 1.203410
10 Apr 2015, 1.206890, 1.206890
11 Apr 2015, 1.206890, 1.206890
12 Apr 2015, 1.206890, 1.206890
13 Apr 2015, 1.210380, 1.210380
14 Apr 2015, 1.208270, 1.208270
15 Apr 2015, 1.208730, 1.208730
16 Apr 2015, 1.206630, 1.206630
17 Apr 2015, 1.200140, 1.200140
18 Apr 2015, 1.200140, 1.200140
19 Apr 2015, 1.200140, 1.200140
20 Apr 2015, 1.200310, 1.200310
21 Apr 2015, 1.202960, 1.202960
22 Apr 2015, 1.202000, 1.202000
23 Apr 2015, 1.202810, 1.202810
24 Apr 2015, 1.207280, 1.207280
25 Apr 2015, 1.207280, 1.207280
26 Apr 2015, 1.207280, 1.207280
27 Apr 2015, 1.209710, 1.209710
28 Apr 2015, 1.203730, 1.203730
29 Apr 2015, 1.195290, 1.195290
30 Apr 2015, 1.196460, 1.196460
01 May 2015, 1.199800, 1.199800
02 May 2015, 1.199800, 1.199800
03 May 2015, 1.199800, 1.199800
04 May 2015, 1.200830, 1.200830
05 May 2015, 1.195640, 1.195640
06 May 2015, 1.187110, 1.187110
07 May 2015, 1.186310, 1.186310
08 May 2015, 1.191140, 1.191140
09 May 2015, 1.191140, 1.191140
10 May 2015, 1.191140, 1.191140
11 May 2015, 1.190260, 1.190260
12 May 2015, 1.189150, 1.189150
13 May 2015, 1.188850, 1.188850
14 May 2015, 1.190550, 1.190550
15 May 2015, 1.194910, 1.194910
16 May 2015, 1.194910, 1.194910
17 May 2015, 1.194910, 1.194910
18 May 2015, 1.193200, 1.193200
19 May 2015, 1.194410, 1.194410
20 May 2015, 1.194930, 1.194930
21 May 2015, 1.198120, 1.198120
22 May 2015, 1.199680, 1.199680
23 May 2015, 1.199680, 1.199680
24 May 2015, 1.199680, 1.199680
25 May 2015, 1.201780, 1.201780
26 May 2015, 1.203650, 1.203650
27 May 2015, 1.204270, 1.204270
28 May 2015, 1.204760, 1.204760
29 May 2015, 1.204960, 1.204960
30 May 2015, 1.204960, 1.204960
31 May 2015, 1.204960, 1.204960
01 Jun 2015, 1.204290, 1.204290
02 Jun 2015, 1.195880, 1.195880
03 Jun 2015, 1.192640, 1.192640
04 Jun 2015, 1.190320, 1.190320
05 Jun 2015, 1.190400, 1.190400
06 Jun 2015, 1.190400, 1.190400
07 Jun 2015, 1.190400, 1.190400
08 Jun 2015, 1.190400, 1.190400
09 Jun 2015, 1.185120, 1.185120
10 Jun 2015, 1.186650, 1.186650
11 Jun 2015, 1.191680, 1.191680
12 Jun 2015, 1.189280, 1.189280
13 Jun 2015, 1.189280, 1.189280
14 Jun 2015, 1.189280, 1.189280
15 Jun 2015, 1.185430, 1.185430
16 Jun 2015, 1.186010, 1.186010
17 Jun 2015, 1.191120, 1.191120
18 Jun 2015, 1.186080, 1.186080
19 Jun 2015, 1.191010, 1.191010
20 Jun 2015, 1.191010, 1.191010
21 Jun 2015, 1.191010, 1.191010
22 Jun 2015, 1.195090, 1.195090
23 Jun 2015, 1.200440, 1.200440
24 Jun 2015, 1.200500, 1.200500
25 Jun 2015, 1.195930, 1.195930
26 Jun 2015, 1.194430, 1.194430
27 Jun 2015, 1.194430, 1.194430
28 Jun 2015, 1.194430, 1.194430
29 Jun 2015, 1.183030, 1.183030
30 Jun 2015, 1.188800, 1.188800
01 Jul 2015, 1.193880, 1.193880
02 Jul 2015, 1.198330, 1.198330
03 Jul 2015, 1.198510, 1.198510
04 Jul 2015, 1.198510, 1.198510
05 Jul 2015, 1.198510, 1.198510
06 Jul 2015, 1.191610, 1.191610
07 Jul 2015, 1.197540, 1.197540
08 Jul 2015, 1.188190, 1.188190
09 Jul 2015, 1.192060, 1.192060
10 Jul 2015, 1.197750, 1.197750
11 Jul 2015, 1.197750, 1.197750
12 Jul 2015, 1.197750, 1.197750
13 Jul 2015, 1.201510, 1.201510
14 Jul 2015, 1.205800, 1.205800
15 Jul 2015, 1.209180, 1.209180
16 Jul 2015, 1.213200, 1.213200
17 Jul 2015, 1.215100, 1.215100
18 Jul 2015, 1.215100, 1.215100
19 Jul 2015, 1.215100, 1.215100
20 Jul 2015, 1.216180, 1.216180
21 Jul 2015, 1.211990, 1.211990
22 Jul 2015, 1.210510, 1.210510
23 Jul 2015, 1.208680, 1.208680
24 Jul 2015, 1.208700, 1.208700
25 Jul 2015, 1.208700, 1.208700
26 Jul 2015, 1.208700, 1.208700
27 Jul 2015, 1.205040, 1.205040
28 Jul 2015, 1.205960, 1.205960
29 Jul 2015, 1.209230, 1.209230
30 Jul 2015, 1.212490, 1.212490
31 Jul 2015, 1.212120, 1.212120
01 Aug 2015, 1.212120, 1.212120
02 Aug 2015, 1.212120, 1.212120
03 Aug 2015, 1.212320, 1.212320
04 Aug 2015, 1.208800, 1.208800
05 Aug 2015, 1.211460, 1.211460
06 Aug 2015, 1.206420, 1.206420
07 Aug 2015, 1.198360, 1.198360
08 Aug 2015, 1.198360, 1.198360
09 Aug 2015, 1.198360, 1.198360
10 Aug 2015, 1.202820, 1.202820
11 Aug 2015, 1.201140, 1.201140
12 Aug 2015, 1.191880, 1.191880
13 Aug 2015, 1.193030, 1.193030
14 Aug 2015, 1.192120, 1.192120
15 Aug 2015, 1.192120, 1.192120
16 Aug 2015, 1.192120, 1.192120
17 Aug 2015, 1.194510, 1.194510
18 Aug 2015, 1.192930, 1.192930
19 Aug 2015, 1.193720, 1.193720
20 Aug 2015, 1.183580, 1.183580
21 Aug 2015, 1.173240, 1.173240
22 Aug 2015, 1.173240, 1.173240
23 Aug 2015, 1.173240, 1.173240
24 Aug 2015, 1.154140, 1.154140
25 Aug 2015, 1.162130, 1.162130
26 Aug 2015, 1.170860, 1.170860
27 Aug 2015, 1.180380, 1.180380
28 Aug 2015, 1.183420, 1.183420
29 Aug 2015, 1.183420, 1.183420
30 Aug 2015, 1.183420, 1.183420
31 Aug 2015, 1.180420, 1.180420
01 Sep 2015, 1.169600, 1.169600
02 Sep 2015, 1.172800, 1.172800
03 Sep 2015, 1.170920, 1.170920
04 Sep 2015, 1.170030, 1.170030
05 Sep 2015, 1.170030, 1.170030
06 Sep 2015, 1.170030, 1.170030
07 Sep 2015, 1.170340, 1.170340
08 Sep 2015, 1.176320, 1.176320
09 Sep 2015, 1.183050, 1.183050
10 Sep 2015, 1.175910, 1.175910
11 Sep 2015, 1.174580, 1.174580
12 Sep 2015, 1.174580, 1.174580
13 Sep 2015, 1.174580, 1.174580
14 Sep 2015, 1.172390, 1.172390
15 Sep 2015, 1.172690, 1.172690
16 Sep 2015, 1.177700, 1.177700
17 Sep 2015, 1.181220, 1.181220
18 Sep 2015, 1.176590, 1.176590
19 Sep 2015, 1.176590, 1.176590
20 Sep 2015, 1.176590, 1.176590
21 Sep 2015, 1.173810, 1.173810
22 Sep 2015, 1.172460, 1.172460
23 Sep 2015, 1.167790, 1.167790
24 Sep 2015, 1.169180, 1.169180
25 Sep 2015, 1.168740, 1.168740
26 Sep 2015, 1.168740, 1.168740
27 Sep 2015, 1.168740, 1.168740
28 Sep 2015, 1.166690, 1.166690
29 Sep 2015, 1.154960, 1.154960
30 Sep 2015, 1.164890, 1.164890
01 Oct 2015, 1.169080, 1.169080
02 Oct 2015, 1.170420, 1.170420
03 Oct 2015, 1.170420, 1.170420
04 Oct 2015, 1.170420, 1.170420
05 Oct 2015, 1.179030, 1.179030
06 Oct 2015, 1.178890, 1.178890
07 Oct 2015, 1.180160, 1.180160
08 Oct 2015, 1.183400, 1.183400
09 Oct 2015, 1.185210, 1.185210
10 Oct 2015, 1.185210, 1.185210
11 Oct 2015, 1.185210, 1.185210
12 Oct 2015, 1.182110, 1.182110
13 Oct 2015, 1.180150, 1.180150
14 Oct 2015, 1.179270, 1.179270
15 Oct 2015, 1.183860, 1.183860
16 Oct 2015, 1.188220, 1.188220
17 Oct 2015, 1.188220, 1.188220
18 Oct 2015, 1.188220, 1.188220
19 Oct 2015, 1.188290, 1.188290
20 Oct 2015, 1.185630, 1.185630
21 Oct 2015, 1.185990, 1.185990
22 Oct 2015, 1.189740, 1.189740
23 Oct 2015, 1.197360, 1.197360
24 Oct 2015, 1.197360, 1.197360
25 Oct 2015, 1.197360, 1.197360
26 Oct 2015, 1.196810, 1.196810
27 Oct 2015, 1.196170, 1.196170
28 Oct 2015, 1.201030, 1.201030
29 Oct 2015, 1.198690, 1.198690
30 Oct 2015, 1.196160, 1.196160
31 Oct 2015, 1.196160, 1.196160
01 Nov 2015, 1.196160, 1.196160
02 Nov 2015, 1.194360, 1.194360
03 Nov 2015, 1.197870, 1.197870
04 Nov 2015, 1.199290, 1.199290
05 Nov 2015, 1.197820, 1.197820
06 Nov 2015, 1.201940, 1.201940
07 Nov 2015, 1.201940, 1.201940
08 Nov 2015, 1.201940, 1.201940
09 Nov 2015, 1.195470, 1.195470
10 Nov 2015, 1.194820, 1.194820
11 Nov 2015, 1.196210, 1.196210
12 Nov 2015, 1.191930, 1.191930
13 Nov 2015, 1.184570, 1.184570
14 Nov 2015, 1.184570, 1.184570
15 Nov 2015, 1.184570, 1.184570
16 Nov 2015, 1.185500, 1.185500
17 Nov 2015, 1.191800, 1.191800
18 Nov 2015, 1.196260, 1.196260
19 Nov 2015, 1.199870, 1.199870
20 Nov 2015, 1.200500, 1.200500
21 Nov 2015, 1.200500, 1.200500
22 Nov 2015, 1.200500, 1.200500
23 Nov 2015, 1.201860, 1.201860
24 Nov 2015, 1.198570, 1.198570
25 Nov 2015, 1.197980, 1.197980
26 Nov 2015, 1.200040, 1.200040
27 Nov 2015, 1.199850, 1.199850
28 Nov 2015, 1.199850, 1.199850
29 Nov 2015, 1.199850, 1.199850
30 Nov 2015, 1.196780, 1.196780
01 Dec 2015, 1.202250, 1.202250
02 Dec 2015, 1.199890, 1.199890
03 Dec 2015, 1.194880, 1.194880
04 Dec 2015, 1.191480, 1.191480
05 Dec 2015, 1.191480, 1.191480
06 Dec 2015, 1.191480, 1.191480
07 Dec 2015, 1.192410, 1.192410
08 Dec 2015, 1.189130, 1.189130
09 Dec 2015, 1.186040, 1.186040
10 Dec 2015, 1.182250, 1.182250
11 Dec 2015, 1.178460, 1.178460
12 Dec 2015, 1.178460, 1.178460
13 Dec 2015, 1.178460, 1.178460
14 Dec 2015, 1.171540, 1.171540
15 Dec 2015, 1.175630, 1.175630
16 Dec 2015, 1.184320, 1.184320
17 Dec 2015, 1.188880, 1.188880
18 Dec 2015, 1.183580, 1.183580
19 Dec 2015, 1.183580, 1.183580
20 Dec 2015, 1.183580, 1.183580
21 Dec 2015, 1.184960, 1.184960
22 Dec 2015, 1.187310, 1.187310
23 Dec 2015, 1.193800, 1.193800
24 Dec 2015, 1.198880, 1.198880
25 Dec 2015, 1.198880, 1.198880
26 Dec 2015, 1.198880, 1.198880
27 Dec 2015, 1.198880, 1.198880
28 Dec 2015, 1.198880, 1.198880
29 Dec 2015, 1.204210, 1.204210
30 Dec 2015, 1.204650, 1.204650
31 Dec 2015, 1.204530, 1.204530
01 Jan 2016, 1.204530, 1.204530
02 Jan 2016, 1.204530, 1.204530
03 Jan 2016, 1.204530, 1.204530
04 Jan 2016, 1.199900, 1.199900
05 Jan 2016, 1.197200, 1.197200
06 Jan 2016, 1.192630, 1.192630
07 Jan 2016, 1.181220, 1.181220
08 Jan 2016, 1.179520, 1.179520
09 Jan 2016, 1.179520, 1.179520
10 Jan 2016, 1.179520, 1.179520
11 Jan 2016, 1.174980, 1.174980
12 Jan 2016, 1.175580, 1.175580
13 Jan 2016, 1.175170, 1.175170
14 Jan 2016, 1.173660, 1.173660
15 Jan 2016, 1.168790, 1.168790
16 Jan 2016, 1.168790, 1.168790
17 Jan 2016, 1.168790, 1.168790
18 Jan 2016, 1.166400, 1.166400
19 Jan 2016, 1.168590, 1.168590
20 Jan 2016, 1.162090, 1.162090
21 Jan 2016, 1.161680, 1.161680
22 Jan 2016, 1.168920, 1.168920
23 Jan 2016, 1.168920, 1.168920
24 Jan 2016, 1.168920, 1.168920
25 Jan 2016, 1.172460, 1.172460
26 Jan 2016, 1.172460, 1.172460
27 Jan 2016, 1.169090, 1.169090
28 Jan 2016, 1.169540, 1.169540
29 Jan 2016, 1.177460, 1.177460
30 Jan 2016, 1.177460, 1.177460
31 Jan 2016, 1.177460, 1.177460
01 Feb 2016, 1.180090, 1.180090
02 Feb 2016, 1.172750, 1.172750
03 Feb 2016, 1.165410, 1.165410
04 Feb 2016, 1.167760, 1.167760
05 Feb 2016, 1.167590, 1.167590
06 Feb 2016, 1.167590, 1.167590
07 Feb 2016, 1.167590, 1.167590
08 Feb 2016, 1.162700, 1.162700
09 Feb 2016, 1.153380, 1.153380
10 Feb 2016, 1.150610, 1.150610
11 Feb 2016, 1.148430, 1.148430
12 Feb 2016, 1.149030, 1.149030
13 Feb 2016, 1.149030, 1.149030
14 Feb 2016, 1.149030, 1.149030
15 Feb 2016, 1.155670, 1.155670
16 Feb 2016, 1.163730, 1.163730
17 Feb 2016, 1.165860, 1.165860
18 Feb 2016, 1.172140, 1.172140
19 Feb 2016, 1.170720, 1.170720
20 Feb 2016, 1.170720, 1.170720
21 Feb 2016, 1.170720, 1.170720
22 Feb 2016, 1.173840, 1.173840
23 Feb 2016, 1.170420, 1.170420
24 Feb 2016, 1.165680, 1.165680
25 Feb 2016, 1.168010, 1.168010
26 Feb 2016, 1.169970, 1.169970
27 Feb 2016, 1.169970, 1.169970
28 Feb 2016, 1.169970, 1.169970
29 Feb 2016, 1.170510, 1.170510
01 Mar 2016, 1.178600, 1.178600
02 Mar 2016, 1.183580, 1.183580
03 Mar 2016, 1.185340, 1.185340
04 Mar 2016, 1.186780, 1.186780
05 Mar 2016, 1.186780, 1.186780
06 Mar 2016, 1.186780, 1.186780
07 Mar 2016, 1.188410, 1.188410
08 Mar 2016, 1.184610, 1.184610
09 Mar 2016, 1.185990, 1.185990
10 Mar 2016, 1.187120, 1.187120
11 Mar 2016, 1.190360, 1.190360
12 Mar 2016, 1.190360, 1.190360
13 Mar 2016, 1.190360, 1.190360
14 Mar 2016, 1.193090, 1.193090
15 Mar 2016, 1.188670, 1.188670
16 Mar 2016, 1.190470, 1.190470
17 Mar 2016, 1.191780, 1.191780
18 Mar 2016, 1.194690, 1.194690
19 Mar 2016, 1.194690, 1.194690
20 Mar 2016, 1.194690, 1.194690
21 Mar 2016, 1.194850, 1.194850
22 Mar 2016, 1.194730, 1.194730
23 Mar 2016, 1.193540, 1.193540
24 Mar 2016, 1.189650, 1.189650
25 Mar 2016, 1.189650, 1.189650
26 Mar 2016, 1.189650, 1.189650
27 Mar 2016, 1.189650, 1.189650
28 Mar 2016, 1.189650, 1.189650
29 Mar 2016, 1.187480, 1.187480
30 Mar 2016, 1.187870, 1.187870
31 Mar 2016, 1.191330, 1.191330
01 Apr 2016, 1.187270, 1.187270
02 Apr 2016, 1.187270, 1.187270
03 Apr 2016, 1.187270, 1.187270
04 Apr 2016, 1.188130, 1.188130
05 Apr 2016, 1.182700, 1.182700
06 Apr 2016, 1.185630, 1.185630
07 Apr 2016, 1.186300, 1.186300
08 Apr 2016, 1.186210, 1.186210
09 Apr 2016, 1.186210, 1.186210
10 Apr 2016, 1.186210, 1.186210
11 Apr 2016, 1.185810, 1.185810
12 Apr 2016, 1.189840, 1.189840
13 Apr 2016, 1.198170, 1.198170
14 Apr 2016, 1.200960, 1.200960
15 Apr 2016, 1.202040, 1.202040
16 Apr 2016, 1.202040, 1.202040
17 Apr 2016, 1.202040, 1.202040
18 Apr 2016, 1.200640, 1.200640
19 Apr 2016, 1.204230, 1.204230
20 Apr 2016, 1.206090, 1.206090
21 Apr 2016, 1.209600, 1.209600
22 Apr 2016, 1.207960, 1.207960
23 Apr 2016, 1.207960, 1.207960
24 Apr 2016, 1.207960, 1.207960
25 Apr 2016, 1.207960, 1.207960
26 Apr 2016, 1.206850, 1.206850
27 Apr 2016, 1.209460, 1.209460
28 Apr 2016, 1.208890, 1.208890
29 Apr 2016, 1.208720, 1.208720
30 Apr 2016, 1.208720, 1.208720
01 May 2016, 1.208720, 1.208720
02 May 2016, 1.208600, 1.208600
03 May 2016, 1.212540, 1.212540
04 May 2016, 1.206840, 1.206840
05 May 2016, 1.206980, 1.206980
06 May 2016, 1.211490, 1.211490
07 May 2016, 1.211490, 1.211490
08 May 2016, 1.211490, 1.211490
09 May 2016, 1.213560, 1.213560
10 May 2016, 1.216730, 1.216730
11 May 2016, 1.216770, 1.216770
12 May 2016, 1.217240, 1.217240
13 May 2016, 1.215920, 1.215920
14 May 2016, 1.215920, 1.215920
15 May 2016, 1.215920, 1.215920
16 May 2016, 1.218680, 1.218680
17 May 2016, 1.219930, 1.219930
18 May 2016, 1.219620, 1.219620
19 May 2016, 1.217550, 1.217550
20 May 2016, 1.221030, 1.221030
21 May 2016, 1.221030, 1.221030
22 May 2016, 1.221030, 1.221030
23 May 2016, 1.219700, 1.219700
24 May 2016, 1.222610, 1.222610
25 May 2016, 1.229160, 1.229160
26 May 2016, 1.229930, 1.229930
27 May 2016, 1.232720, 1.232720
28 May 2016, 1.232720, 1.232720
29 May 2016, 1.232720, 1.232720
30 May 2016, 1.233300, 1.233300
31 May 2016, 1.230690, 1.230690
01 Jun 2016, 1.227860, 1.227860
02 Jun 2016, 1.227140, 1.227140
03 Jun 2016, 1.226210, 1.226210
04 Jun 2016, 1.226210, 1.226210
05 Jun 2016, 1.226210, 1.226210
06 Jun 2016, 1.228850, 1.228850
07 Jun 2016, 1.229540, 1.229540
08 Jun 2016, 1.230530, 1.230530
09 Jun 2016, 1.229650, 1.229650
10 Jun 2016, 1.223620, 1.223620
11 Jun 2016, 1.223620, 1.223620
12 Jun 2016, 1.223620, 1.223620
13 Jun 2016, 1.223620, 1.223620
14 Jun 2016, 1.213670, 1.213670
15 Jun 2016, 1.210170, 1.210170
16 Jun 2016, 1.212770, 1.212770
17 Jun 2016, 1.213360, 1.213360
18 Jun 2016, 1.213360, 1.213360
19 Jun 2016, 1.213360, 1.213360
20 Jun 2016, 1.220400, 1.220400
21 Jun 2016, 1.222460, 1.222460
22 Jun 2016, 1.221800, 1.221800
23 Jun 2016, 1.223870, 1.223870
24 Jun 2016, 1.205060, 1.205060
25 Jun 2016, 1.205060, 1.205060
26 Jun 2016, 1.205060, 1.205060
27 Jun 2016, 1.203940, 1.203940
28 Jun 2016, 1.207110, 1.207110
29 Jun 2016, 1.216020, 1.216020
30 Jun 2016, 1.225740, 1.225740
01 Jul 2016, 1.227290, 1.227290
02 Jul 2016, 1.227290, 1.227290
03 Jul 2016, 1.227290, 1.227290
04 Jul 2016, 1.227480, 1.227480
05 Jul 2016, 1.224410, 1.224410
06 Jul 2016, 1.221270, 1.221270
07 Jul 2016, 1.223660, 1.223660
08 Jul 2016, 1.225480, 1.225480
09 Jul 2016, 1.225480, 1.225480
10 Jul 2016, 1.225480, 1.225480
11 Jul 2016, 1.234250, 1.234250
12 Jul 2016, 1.235850, 1.235850
13 Jul 2016, 1.237870, 1.237870
14 Jul 2016, 1.240840, 1.240840
15 Jul 2016, 1.243080, 1.243080
16 Jul 2016, 1.243080, 1.243080
17 Jul 2016, 1.243080, 1.243080
18 Jul 2016, 1.245630, 1.245630
19 Jul 2016, 1.247530, 1.247530
20 Jul 2016, 1.250980, 1.250980
21 Jul 2016, 1.251390, 1.251390
22 Jul 2016, 1.252850, 1.252850
23 Jul 2016, 1.252850, 1.252850
24 Jul 2016, 1.252850, 1.252850
25 Jul 2016, 1.254000, 1.254000
26 Jul 2016, 1.253210, 1.253210
27 Jul 2016, 1.255170, 1.255170
28 Jul 2016, 1.255190, 1.255190
29 Jul 2016, 1.254320, 1.254320
30 Jul 2016, 1.254320, 1.254320
31 Jul 2016, 1.254320, 1.254320
01 Aug 2016, 1.256690, 1.256690
02 Aug 2016, 1.250350, 1.250350
03 Aug 2016, 1.247100, 1.247100
04 Aug 2016, 1.248440, 1.248440
05 Aug 2016, 1.252980, 1.252980
06 Aug 2016, 1.252980, 1.252980
07 Aug 2016, 1.252980, 1.252980
08 Aug 2016, 1.254890, 1.254890
09 Aug 2016, 1.256370, 1.256370
10 Aug 2016, 1.254770, 1.254770
11 Aug 2016, 1.255080, 1.255080
12 Aug 2016, 1.257010, 1.257010
13 Aug 2016, 1.257010, 1.257010
14 Aug 2016, 1.257010, 1.257010
15 Aug 2016, 1.259310, 1.259310
16 Aug 2016, 1.257920, 1.257920
17 Aug 2016, 1.259510, 1.259510
18 Aug 2016, 1.258970, 1.258970
19 Aug 2016, 1.260540, 1.260540
20 Aug 2016, 1.260540, 1.260540
21 Aug 2016, 1.260540, 1.260540
22 Aug 2016, 1.258790, 1.258790
23 Aug 2016, 1.261670, 1.261670
24 Aug 2016, 1.262040, 1.262040
25 Aug 2016, 1.261090, 1.261090
26 Aug 2016, 1.258830, 1.258830
27 Aug 2016, 1.258830, 1.258830
28 Aug 2016, 1.258830, 1.258830
29 Aug 2016, 1.259790, 1.259790
30 Aug 2016, 1.261920, 1.261920
31 Aug 2016, 1.259390, 1.259390
01 Sep 2016, 1.258520, 1.258520
02 Sep 2016, 1.259610, 1.259610
03 Sep 2016, 1.259610, 1.259610
04 Sep 2016, 1.259610, 1.259610
05 Sep 2016, 1.262250, 1.262250
06 Sep 2016, 1.261600, 1.261600
07 Sep 2016, 1.263500, 1.263500
08 Sep 2016, 1.260950, 1.260950
09 Sep 2016, 1.255260, 1.255260
10 Sep 2016, 1.255260, 1.255260
11 Sep 2016, 1.255260, 1.255260
12 Sep 2016, 1.250570, 1.250570
13 Sep 2016, 1.247140, 1.247140
14 Sep 2016, 1.247740, 1.247740
15 Sep 2016, 1.249750, 1.249750
16 Sep 2016, 1.252220, 1.252220
17 Sep 2016, 1.252220, 1.252220
18 Sep 2016, 1.252220, 1.252220
19 Sep 2016, 1.252000, 1.252000
20 Sep 2016, 1.252830, 1.252830
21 Sep 2016, 1.257820, 1.257820
22 Sep 2016, 1.261530, 1.261530
23 Sep 2016, 1.262790, 1.262790
24 Sep 2016, 1.262790, 1.262790
25 Sep 2016, 1.262790, 1.262790
26 Sep 2016, 1.259130, 1.259130
27 Sep 2016, 1.258870, 1.258870
28 Sep 2016, 1.260830, 1.260830
29 Sep 2016, 1.262580, 1.262580
30 Sep 2016, 1.262130, 1.262130
01 Oct 2016, 1.262130, 1.262130
02 Oct 2016, 1.262130, 1.262130
03 Oct 2016, 1.264230, 1.264230
04 Oct 2016, 1.265320, 1.265320
05 Oct 2016, 1.266170, 1.266170
06 Oct 2016, 1.268350, 1.268350
07 Oct 2016, 1.266870, 1.266870
08 Oct 2016, 1.266870, 1.266870
09 Oct 2016, 1.266870, 1.266870
10 Oct 2016, 1.268900, 1.268900
11 Oct 2016, 1.267660, 1.267660
12 Oct 2016, 1.265910, 1.265910
13 Oct 2016, 1.262490, 1.262490
14 Oct 2016, 1.261410, 1.261410
15 Oct 2016, 1.261410, 1.261410
16 Oct 2016, 1.261410, 1.261410
17 Oct 2016, 1.258770, 1.258770
18 Oct 2016, 1.261700, 1.261700
19 Oct 2016, 1.263540, 1.263540
20 Oct 2016, 1.265470, 1.265470
21 Oct 2016, 1.265470, 1.265470
22 Oct 2016, 1.265470, 1.265470
23 Oct 2016, 1.265470, 1.265470
24 Oct 2016, 1.266310, 1.266310
25 Oct 2016, 1.266610, 1.266610
26 Oct 2016, 1.260780, 1.260780
27 Oct 2016, 1.258390, 1.258390
28 Oct 2016, 1.258200, 1.258200
29 Oct 2016, 1.258200, 1.258200
30 Oct 2016, 1.258200, 1.258200
31 Oct 2016, 1.258690, 1.258690
01 Nov 2016, 1.254110, 1.254110
02 Nov 2016, 1.247860, 1.247860
03 Nov 2016, 1.246390, 1.246390
04 Nov 2016, 1.243740, 1.243740
05 Nov 2016, 1.243740, 1.243740
06 Nov 2016, 1.243740, 1.243740
07 Nov 2016, 1.251940, 1.251940
08 Nov 2016, 1.253630, 1.253630
09 Nov 2016, 1.249670, 1.249670
10 Nov 2016, 1.260910, 1.260910
11 Nov 2016, 1.261240, 1.261240
12 Nov 2016, 1.261240, 1.261240
13 Nov 2016, 1.261240, 1.261240
14 Nov 2016, 1.261150, 1.261150
15 Nov 2016, 1.262860, 1.262860
16 Nov 2016, 1.265460, 1.265460
17 Nov 2016, 1.267120, 1.267120
18 Nov 2016, 1.270180, 1.270180
19 Nov 2016, 1.270180, 1.270180
20 Nov 2016, 1.270180, 1.270180
21 Nov 2016, 1.271230, 1.271230
22 Nov 2016, 1.275610, 1.275610
23 Nov 2016, 1.278280, 1.278280
24 Nov 2016, 1.278060, 1.278060
25 Nov 2016, 1.279710, 1.279710
26 Nov 2016, 1.279710, 1.279710
27 Nov 2016, 1.279710, 1.279710
28 Nov 2016, 1.275560, 1.275560
29 Nov 2016, 1.275550, 1.275550
30 Nov 2016, 1.278250, 1.278250
01 Dec 2016, 1.280940, 1.280940
02 Dec 2016, 1.276930, 1.276930
03 Dec 2016, 1.276930, 1.276930
04 Dec 2016, 1.276930, 1.276930
05 Dec 2016, 1.275900, 1.275900
06 Dec 2016, 1.280070, 1.280070
07 Dec 2016, 1.285650, 1.285650
08 Dec 2016, 1.292840, 1.292840
09 Dec 2016, 1.294150, 1.294150
10 Dec 2016, 1.294150, 1.294150
11 Dec 2016, 1.294150, 1.294150
12 Dec 2016, 1.292280, 1.292280
13 Dec 2016, 1.293840, 1.293840
14 Dec 2016, 1.292970, 1.292970
15 Dec 2016, 1.294880, 1.294880
16 Dec 2016, 1.296820, 1.296820
17 Dec 2016, 1.296820, 1.296820
18 Dec 2016, 1.296820, 1.296820
19 Dec 2016, 1.299120, 1.299120
20 Dec 2016, 1.301960, 1.301960
21 Dec 2016, 1.304640, 1.304640
22 Dec 2016, 1.309340, 1.309340
23 Dec 2016, 1.310290, 1.310290
24 Dec 2016, 1.310290, 1.310290
25 Dec 2016, 1.310290, 1.310290
26 Dec 2016, 1.310290, 1.310290
27 Dec 2016, 1.310290, 1.310290
28 Dec 2016, 1.313210, 1.313210
29 Dec 2016, 1.313920, 1.313920
30 Dec 2016, 1.311190, 1.311190
31 Dec 2016, 1.311190, 1.311190
01 Jan 2017, 1.311190, 1.311190
02 Jan 2017, 1.311190, 1.311190
03 Jan 2017, 1.317660, 1.317660
04 Jan 2017, 1.318290, 1.318290
05 Jan 2017, 1.318540, 1.318540
06 Jan 2017, 1.319910, 1.319910
07 Jan 2017, 1.319910, 1.319910
08 Jan 2017, 1.319910, 1.319910
09 Jan 2017, 1.320920, 1.320920
10 Jan 2017, 1.319200, 1.319200
11 Jan 2017, 1.321110, 1.321110
12 Jan 2017, 1.318150, 1.318150
13 Jan 2017, 1.317010, 1.317010
14 Jan 2017, 1.317010, 1.317010
15 Jan 2017, 1.317010, 1.317010
16 Jan 2017, 1.317680, 1.317680
17 Jan 2017, 1.313030, 1.313030
18 Jan 2017, 1.312240, 1.312240
19 Jan 2017, 1.312190, 1.312190
20 Jan 2017, 1.310990, 1.310990
21 Jan 2017, 1.310990, 1.310990
22 Jan 2017, 1.310990, 1.310990
23 Jan 2017, 1.308050, 1.308050
24 Jan 2017, 1.312340, 1.312340
25 Jan 2017, 1.317160, 1.317160
26 Jan 2017, 1.317160, 1.317160
27 Jan 2017, 1.319410, 1.319410
28 Jan 2017, 1.319410, 1.319410
29 Jan 2017, 1.319410, 1.319410
30 Jan 2017, 1.314940, 1.314940
31 Jan 2017, 1.311380, 1.311380
01 Feb 2017, 1.314190, 1.314190
02 Feb 2017, 1.310940, 1.310940
03 Feb 2017, 1.311200, 1.311200
04 Feb 2017, 1.311200, 1.311200
05 Feb 2017, 1.311200, 1.311200
06 Feb 2017, 1.311810, 1.311810
07 Feb 2017, 1.312340, 1.312340
08 Feb 2017, 1.314020, 1.314020
09 Feb 2017, 1.317100, 1.317100
10 Feb 2017, 1.320300, 1.320300
11 Feb 2017, 1.320300, 1.320300
12 Feb 2017, 1.320300, 1.320300
13 Feb 2017, 1.324960, 1.324960
14 Feb 2017, 1.325800, 1.325800
15 Feb 2017, 1.329040, 1.329040
16 Feb 2017, 1.329530, 1.329530
17 Feb 2017, 1.328950, 1.328950
18 Feb 2017, 1.328950, 1.328950
19 Feb 2017, 1.328950, 1.328950
20 Feb 2017, 1.328830, 1.328830
21 Feb 2017, 1.331140, 1.331140
22 Feb 2017, 1.333590, 1.333590
23 Feb 2017, 1.331850, 1.331850
24 Feb 2017, 1.329450, 1.329450
25 Feb 2017, 1.329450, 1.329450
26 Feb 2017, 1.329450, 1.329450
27 Feb 2017, 1.328800, 1.328800
28 Feb 2017, 1.327150, 1.327150
01 Mar 2017, 1.332040, 1.332040
02 Mar 2017, 1.337290, 1.337290
03 Mar 2017, 1.335730, 1.335730
04 Mar 2017, 1.335730, 1.335730
05 Mar 2017, 1.335730, 1.335730
06 Mar 2017, 1.335610, 1.335610
07 Mar 2017, 1.335990, 1.335990
08 Mar 2017, 1.336650, 1.336650
09 Mar 2017, 1.336460, 1.336460
10 Mar 2017, 1.338650, 1.338650
11 Mar 2017, 1.338650, 1.338650
12 Mar 2017, 1.338650, 1.338650
13 Mar 2017, 1.338350, 1.338350
14 Mar 2017, 1.338110, 1.338110
15 Mar 2017, 1.340500, 1.340500
16 Mar 2017, 1.341610, 1.341610
17 Mar 2017, 1.341720, 1.341720
18 Mar 2017, 1.341720, 1.341720
19 Mar 2017, 1.341720, 1.341720
20 Mar 2017, 1.339810, 1.339810
21 Mar 2017, 1.337350, 1.337350
22 Mar 2017, 1.333220, 1.333220
23 Mar 2017, 1.336070, 1.336070
24 Mar 2017, 1.339570, 1.339570
25 Mar 2017, 1.339570, 1.339570
26 Mar 2017, 1.339570, 1.339570
27 Mar 2017, 1.338330, 1.338330
28 Mar 2017, 1.343590, 1.343590
29 Mar 2017, 1.346620, 1.346620
30 Mar 2017, 1.347970, 1.347970
31 Mar 2017, 1.346500, 1.346500
01 Apr 2017, 1.346500, 1.346500
02 Apr 2017, 1.346500, 1.346500
03 Apr 2017, 1.348090, 1.348090
04 Apr 2017, 1.348820, 1.348820
05 Apr 2017, 1.349250, 1.349250
06 Apr 2017, 1.349420, 1.349420
07 Apr 2017, 1.352430, 1.352430
08 Apr 2017, 1.352430, 1.352430
09 Apr 2017, 1.352430, 1.352430
10 Apr 2017, 1.355260, 1.355260
11 Apr 2017, 1.356390, 1.356390
12 Apr 2017, 1.355460, 1.355460
13 Apr 2017, 1.349540, 1.349540
14 Apr 2017, 1.349540, 1.349540
15 Apr 2017, 1.349540, 1.349540
16 Apr 2017, 1.349540, 1.349540
17 Apr 2017, 1.349540, 1.349540
18 Apr 2017, 1.347780, 1.347780
19 Apr 2017, 1.347080, 1.347080
20 Apr 2017, 1.348970, 1.348970
21 Apr 2017, 1.350880, 1.350880
22 Apr 2017, 1.350880, 1.350880
23 Apr 2017, 1.350880, 1.350880
24 Apr 2017, 1.355840, 1.355840
25 Apr 2017, 1.355840, 1.355840
26 Apr 2017, 1.363560, 1.363560
27 Apr 2017, 1.364650, 1.364650
28 Apr 2017, 1.363950, 1.363950
29 Apr 2017, 1.363950, 1.363950
30 Apr 2017, 1.363950, 1.363950
01 May 2017, 1.364960, 1.364960
02 May 2017, 1.366970, 1.366970
03 May 2017, 1.365640, 1.365640
04 May 2017, 1.366870, 1.366870
05 May 2017, 1.366860, 1.366860
06 May 2017, 1.366860, 1.366860
07 May 2017, 1.366860, 1.366860
08 May 2017, 1.370700, 1.370700
09 May 2017, 1.370830, 1.370830
10 May 2017, 1.373600, 1.373600
11 May 2017, 1.374280, 1.374280
12 May 2017, 1.371660, 1.371660
13 May 2017, 1.371660, 1.371660
14 May 2017, 1.371660, 1.371660
15 May 2017, 1.373850, 1.373850
16 May 2017, 1.376080, 1.376080
17 May 2017, 1.369050, 1.369050
18 May 2017, 1.365460, 1.365460
19 May 2017, 1.368940, 1.368940
20 May 2017, 1.368940, 1.368940
21 May 2017, 1.368940, 1.368940
22 May 2017, 1.371590, 1.371590
23 May 2017, 1.371460, 1.371460
24 May 2017, 1.373210, 1.373210
25 May 2017, 1.376420, 1.376420
26 May 2017, 1.375210, 1.375210
27 May 2017, 1.375210, 1.375210
28 May 2017, 1.375210, 1.375210
29 May 2017, 1.372940, 1.372940
30 May 2017, 1.374000, 1.374000
31 May 2017, 1.374220, 1.374220
01 Jun 2017, 1.379140, 1.379140
02 Jun 2017, 1.382260, 1.382260
03 Jun 2017, 1.382260, 1.382260
04 Jun 2017, 1.382260, 1.382260
05 Jun 2017, 1.380930, 1.380930
06 Jun 2017, 1.375020, 1.375020
07 Jun 2017, 1.374460, 1.374460
08 Jun 2017, 1.375520, 1.375520
09 Jun 2017, 1.375750, 1.375750
10 Jun 2017, 1.375750, 1.375750
11 Jun 2017, 1.375750, 1.375750
12 Jun 2017, 1.373670, 1.373670
13 Jun 2017, 1.380700, 1.380700
14 Jun 2017, 1.381540, 1.381540
15 Jun 2017, 1.376730, 1.376730
16 Jun 2017, 1.376320, 1.376320
17 Jun 2017, 1.376320, 1.376320
18 Jun 2017, 1.376320, 1.376320
19 Jun 2017, 1.381520, 1.381520
20 Jun 2017, 1.377610, 1.377610
21 Jun 2017, 1.373520, 1.373520
22 Jun 2017, 1.376430, 1.376430
23 Jun 2017, 1.376600, 1.376600
24 Jun 2017, 1.376600, 1.376600
25 Jun 2017, 1.376600, 1.376600
26 Jun 2017, 1.377430, 1.377430
27 Jun 2017, 1.376060, 1.376060
28 Jun 2017, 1.379560, 1.379560
29 Jun 2017, 1.381140, 1.381140
30 Jun 2017, 1.375770, 1.375770
01 Jul 2017, 1.375770, 1.375770
02 Jul 2017, 1.375770, 1.375770
03 Jul 2017, 1.375840, 1.375840
04 Jul 2017, 1.381210, 1.381210
05 Jul 2017, 1.381800, 1.381800
06 Jul 2017, 1.379590, 1.379590
07 Jul 2017, 1.377480, 1.377480
08 Jul 2017, 1.377480, 1.377480
09 Jul 2017, 1.377480, 1.377480
10 Jul 2017, 1.380080, 1.380080
11 Jul 2017, 1.380500, 1.380500
12 Jul 2017, 1.379350, 1.379350
13 Jul 2017, 1.382540, 1.382540
14 Jul 2017, 1.382900, 1.382900
15 Jul 2017, 1.382900, 1.382900
16 Jul 2017, 1.382900, 1.382900
17 Jul 2017, 1.382700, 1.382700
18 Jul 2017, 1.375860, 1.375860
19 Jul 2017, 1.379780, 1.379780
20 Jul 2017, 1.380700, 1.380700
21 Jul 2017, 1.379380, 1.379380
22 Jul 2017, 1.379380, 1.379380
23 Jul 2017, 1.379380, 1.379380
24 Jul 2017, 1.376920, 1.376920
25 Jul 2017, 1.379310, 1.379310
26 Jul 2017, 1.382740, 1.382740
27 Jul 2017, 1.382480, 1.382480
28 Jul 2017, 1.376350, 1.376350
29 Jul 2017, 1.376350, 1.376350
30 Jul 2017, 1.376350, 1.376350
31 Jul 2017, 1.378280, 1.378280
01 Aug 2017, 1.382280, 1.382280
02 Aug 2017, 1.381410, 1.381410
03 Aug 2017, 1.381300, 1.381300
04 Aug 2017, 1.382950, 1.382950
05 Aug 2017, 1.382950, 1.382950
06 Aug 2017, 1.382950, 1.382950
07 Aug 2017, 1.387320, 1.387320
08 Aug 2017, 1.386110, 1.386110
09 Aug 2017, 1.386310, 1.386310
10 Aug 2017, 1.381020, 1.381020
11 Aug 2017, 1.376670, 1.376670
12 Aug 2017, 1.376670, 1.376670
13 Aug 2017, 1.376670, 1.376670
14 Aug 2017, 1.381960, 1.381960
15 Aug 2017, 1.384990, 1.384990
16 Aug 2017, 1.387410, 1.387410
17 Aug 2017, 1.383470, 1.383470
18 Aug 2017, 1.380820, 1.380820
19 Aug 2017, 1.380820, 1.380820
20 Aug 2017, 1.380820, 1.380820
21 Aug 2017, 1.379200, 1.379200
22 Aug 2017, 1.384280, 1.384280
23 Aug 2017, 1.384450, 1.384450
24 Aug 2017, 1.385670, 1.385670
25 Aug 2017, 1.385630, 1.385630
26 Aug 2017, 1.385630, 1.385630
27 Aug 2017, 1.385630, 1.385630
28 Aug 2017, 1.383550, 1.383550
29 Aug 2017, 1.380120, 1.380120
30 Aug 2017, 1.384680, 1.384680
31 Aug 2017, 1.388350, 1.388350
01 Sep 2017, 1.389270, 1.389270
02 Sep 2017, 1.389270, 1.389270
03 Sep 2017, 1.389270, 1.389270
04 Sep 2017, 1.387930, 1.387930
05 Sep 2017, 1.384970, 1.384970
06 Sep 2017, 1.386190, 1.386190
07 Sep 2017, 1.387250, 1.387250
08 Sep 2017, 1.385720, 1.385720
09 Sep 2017, 1.385720, 1.385720
10 Sep 2017, 1.385720, 1.385720
11 Sep 2017, 1.392870, 1.392870
12 Sep 2017, 1.396880, 1.396880
13 Sep 2017, 1.397990, 1.397990
14 Sep 2017, 1.398020, 1.398020
15 Sep 2017, 1.395120, 1.395120
16 Sep 2017, 1.395120, 1.395120
17 Sep 2017, 1.395120, 1.395120
18 Sep 2017, 1.398790, 1.398790
19 Sep 2017, 1.398200, 1.398200
20 Sep 2017, 1.396690, 1.396690
21 Sep 2017, 1.397340, 1.397340
22 Sep 2017, 1.397350, 1.397350
23 Sep 2017, 1.397350, 1.397350
24 Sep 2017, 1.397350, 1.397350
25 Sep 2017, 1.397200, 1.397200
26 Sep 2017, 1.398150, 1.398150
27 Sep 2017, 1.399540, 1.399540
28 Sep 2017, 1.400610, 1.400610
29 Sep 2017, 1.403350, 1.403350
30 Sep 2017, 1.403350, 1.403350
01 Oct 2017, 1.403350, 1.403350
02 Oct 2017, 1.407860, 1.407860
03 Oct 2017, 1.408710, 1.408710
04 Oct 2017, 1.406090, 1.406090
05 Oct 2017, 1.409300, 1.409300
06 Oct 2017, 1.413640, 1.413640
07 Oct 2017, 1.413640, 1.413640
08 Oct 2017, 1.413640, 1.413640
09 Oct 2017, 1.415400, 1.415400
10 Oct 2017, 1.416470, 1.416470
11 Oct 2017, 1.419490, 1.419490
12 Oct 2017, 1.419500, 1.419500
13 Oct 2017, 1.419280, 1.419280
14 Oct 2017, 1.419280, 1.419280
15 Oct 2017, 1.419280, 1.419280
16 Oct 2017, 1.423020, 1.423020
17 Oct 2017, 1.425630, 1.425630
18 Oct 2017, 1.426270, 1.426270
19 Oct 2017, 1.423890, 1.423890
20 Oct 2017, 1.427580, 1.427580
21 Oct 2017, 1.427580, 1.427580
22 Oct 2017, 1.427580, 1.427580
23 Oct 2017, 1.426710, 1.426710
24 Oct 2017, 1.428290, 1.428290
25 Oct 2017, 1.430130, 1.430130
26 Oct 2017, 1.432020, 1.432020
27 Oct 2017, 1.433870, 1.433870
28 Oct 2017, 1.433870, 1.433870
29 Oct 2017, 1.433870, 1.433870
30 Oct 2017, 1.434520, 1.434520
31 Oct 2017, 1.435340, 1.435340
01 Nov 2017, 1.438170, 1.438170
02 Nov 2017, 1.436810, 1.436810
03 Nov 2017, 1.441580, 1.441580
04 Nov 2017, 1.441580, 1.441580
05 Nov 2017, 1.441580, 1.441580
06 Nov 2017, 1.441950, 1.441950
07 Nov 2017, 1.446010, 1.446010
08 Nov 2017, 1.445540, 1.445540
09 Nov 2017, 1.446800, 1.446800
10 Nov 2017, 1.443810, 1.443810
11 Nov 2017, 1.443810, 1.443810
12 Nov 2017, 1.443810, 1.443810
13 Nov 2017, 1.445240, 1.445240
14 Nov 2017, 1.441730, 1.441730
15 Nov 2017, 1.438730, 1.438730
16 Nov 2017, 1.442920, 1.442920
17 Nov 2017, 1.446310, 1.446310
18 Nov 2017, 1.446310, 1.446310
19 Nov 2017, 1.446310, 1.446310
20 Nov 2017, 1.446490, 1.446490
21 Nov 2017, 1.449830, 1.449830
22 Nov 2017, 1.451550, 1.451550
23 Nov 2017, 1.450260, 1.450260
24 Nov 2017, 1.450840, 1.450840
25 Nov 2017, 1.450840, 1.450840
26 Nov 2017, 1.450840, 1.450840
27 Nov 2017, 1.449950, 1.449950
28 Nov 2017, 1.452490, 1.452490
29 Nov 2017, 1.454800, 1.454800
30 Nov 2017, 1.453260, 1.453260
01 Dec 2017, 1.453000, 1.453000
02 Dec 2017, 1.453000, 1.453000
03 Dec 2017, 1.453000, 1.453000
04 Dec 2017, 1.453000, 1.453000
05 Dec 2017, 1.450270, 1.450270
06 Dec 2017, 1.448520, 1.448520
07 Dec 2017, 1.452790, 1.452790
08 Dec 2017, 1.457060, 1.457060
09 Dec 2017, 1.457060, 1.457060
10 Dec 2017, 1.457060, 1.457060
11 Dec 2017, 1.458510, 1.458510
12 Dec 2017, 1.459350, 1.459350
13 Dec 2017, 1.457790, 1.457790
14 Dec 2017, 1.454570, 1.454570
15 Dec 2017, 1.455420, 1.455420
16 Dec 2017, 1.455420, 1.455420
17 Dec 2017, 1.455420, 1.455420
18 Dec 2017, 1.460660, 1.460660
19 Dec 2017, 1.462310, 1.462310
20 Dec 2017, 1.463910, 1.463910
21 Dec 2017, 1.465230, 1.465230
22 Dec 2017, 1.468360, 1.468360
23 Dec 2017, 1.468360, 1.468360
24 Dec 2017, 1.468360, 1.468360
25 Dec 2017, 1.468360, 1.468360
26 Dec 2017, 1.468360, 1.468360
27 Dec 2017, 1.469300, 1.469300
28 Dec 2017, 1.470970, 1.470970
29 Dec 2017, 1.468710, 1.468710
30 Dec 2017, 1.468710, 1.468710
31 Dec 2017, 1.468710, 1.468710
01 Jan 2018, 1.468710, 1.468710
02 Jan 2018, 1.471870, 1.471870
03 Jan 2018, 1.474430, 1.474430
04 Jan 2018, 1.477750, 1.477750
05 Jan 2018, 1.483120, 1.483120
06 Jan 2018, 1.483120, 1.483120
07 Jan 2018, 1.483120, 1.483120
08 Jan 2018, 1.485120, 1.485120
09 Jan 2018, 1.486720, 1.486720
10 Jan 2018, 1.483180, 1.483180
11 Jan 2018, 1.482210, 1.482210
12 Jan 2018, 1.484440, 1.484440
13 Jan 2018, 1.484440, 1.484440
14 Jan 2018, 1.484440, 1.484440
15 Jan 2018, 1.483040, 1.483040
16 Jan 2018, 1.482360, 1.482360
17 Jan 2018, 1.481640, 1.481640
18 Jan 2018, 1.480780, 1.480780
19 Jan 2018, 1.481780, 1.481780
20 Jan 2018, 1.481780, 1.481780
21 Jan 2018, 1.481780, 1.481780
22 Jan 2018, 1.482870, 1.482870
23 Jan 2018, 1.488370, 1.488370
24 Jan 2018, 1.486880, 1.486880
25 Jan 2018, 1.486250, 1.486250
26 Jan 2018, 1.486250, 1.486250
27 Jan 2018, 1.486250, 1.486250
28 Jan 2018, 1.486250, 1.486250
29 Jan 2018, 1.488730, 1.488730
30 Jan 2018, 1.481640, 1.481640
31 Jan 2018, 1.482170, 1.482170
01 Feb 2018, 1.486940, 1.486940
02 Feb 2018, 1.484310, 1.484310
03 Feb 2018, 1.484310, 1.484310
04 Feb 2018, 1.484310, 1.484310
05 Feb 2018, 1.467240, 1.467240
06 Feb 2018, 1.456330, 1.456330
07 Feb 2018, 1.461400, 1.461400
08 Feb 2018, 1.455150, 1.455150
09 Feb 2018, 1.450850, 1.450850
10 Feb 2018, 1.450850, 1.450850
11 Feb 2018, 1.450850, 1.450850
12 Feb 2018, 1.453760, 1.453760
13 Feb 2018, 1.455460, 1.455460
14 Feb 2018, 1.460270, 1.460270
15 Feb 2018, 1.468150, 1.468150
16 Feb 2018, 1.468410, 1.468410
17 Feb 2018, 1.468410, 1.468410
18 Feb 2018, 1.468410, 1.468410
19 Feb 2018, 1.471060, 1.471060
20 Feb 2018, 1.469940, 1.469940
21 Feb 2018, 1.472760, 1.472760
22 Feb 2018, 1.472920, 1.472920
23 Feb 2018, 1.480970, 1.480970
24 Feb 2018, 1.480970, 1.480970
25 Feb 2018, 1.480970, 1.480970
26 Feb 2018, 1.486800, 1.486800
27 Feb 2018, 1.486320, 1.486320
28 Feb 2018, 1.481030, 1.481030
01 Mar 2018, 1.476590, 1.476590
02 Mar 2018, 1.472840, 1.472840
03 Mar 2018, 1.472840, 1.472840
04 Mar 2018, 1.472840, 1.472840
05 Mar 2018, 1.472990, 1.472990
06 Mar 2018, 1.477230, 1.477230
07 Mar 2018, 1.474520, 1.474520
08 Mar 2018, 1.480760, 1.480760
09 Mar 2018, 1.483930, 1.483930
10 Mar 2018, 1.483930, 1.483930
11 Mar 2018, 1.483930, 1.483930
12 Mar 2018, 1.487040, 1.487040
13 Mar 2018, 1.483760, 1.483760
14 Mar 2018, 1.480510, 1.480510
15 Mar 2018, 1.481970, 1.481970
16 Mar 2018, 1.486600, 1.486600
17 Mar 2018, 1.486600, 1.486600
18 Mar 2018, 1.486600, 1.486600
19 Mar 2018, 1.483740, 1.483740
20 Mar 2018, 1.483770, 1.483770
21 Mar 2018, 1.483580, 1.483580
22 Mar 2018, 1.477370, 1.477370
23 Mar 2018, 1.463160, 1.463160
24 Mar 2018, 1.463160, 1.463160
25 Mar 2018, 1.463160, 1.463160
26 Mar 2018, 1.466600, 1.466600
27 Mar 2018, 1.468220, 1.468220
28 Mar 2018, 1.465030, 1.465030
29 Mar 2018, 1.467930, 1.467930
30 Mar 2018, 1.467930, 1.467930
31 Mar 2018, 1.467930, 1.467930
01 Apr 2018, 1.467930, 1.467930
02 Apr 2018, 1.467930, 1.467930
03 Apr 2018, 1.464910, 1.464910
04 Apr 2018, 1.464820, 1.464820
05 Apr 2018, 1.471600, 1.471600
06 Apr 2018, 1.467830, 1.467830
07 Apr 2018, 1.467830, 1.467830
08 Apr 2018, 1.467830, 1.467830
09 Apr 2018, 1.469680, 1.469680
10 Apr 2018, 1.474940, 1.474940
11 Apr 2018, 1.472050, 1.472050
12 Apr 2018, 1.473960, 1.473960
13 Apr 2018, 1.473290, 1.473290
14 Apr 2018, 1.473290, 1.473290
15 Apr 2018, 1.473290, 1.473290
16 Apr 2018, 1.474900, 1.474900
17 Apr 2018, 1.478460, 1.478460
18 Apr 2018, 1.481200, 1.481200
19 Apr 2018, 1.482920, 1.482920
20 Apr 2018, 1.483400, 1.483400
21 Apr 2018, 1.483400, 1.483400
22 Apr 2018, 1.483400, 1.483400
23 Apr 2018, 1.485420, 1.485420
24 Apr 2018, 1.485890, 1.485890
25 Apr 2018, 1.485890, 1.485890
26 Apr 2018, 1.488140, 1.488140
27 Apr 2018, 1.491410, 1.491410
28 Apr 2018, 1.491410, 1.491410
29 Apr 2018, 1.491410, 1.491410
30 Apr 2018, 1.493710, 1.493710
01 May 2018, 1.498280, 1.498280
02 May 2018, 1.497710, 1.497710
03 May 2018, 1.498360, 1.498360
04 May 2018, 1.498870, 1.498870
05 May 2018, 1.498870, 1.498870
06 May 2018, 1.498870, 1.498870
07 May 2018, 1.502280, 1.502280
08 May 2018, 1.504920, 1.504920
09 May 2018, 1.508080, 1.508080
10 May 2018, 1.510290, 1.510290
11 May 2018, 1.510430, 1.510430
12 May 2018, 1.510430, 1.510430
13 May 2018, 1.510430, 1.510430
14 May 2018, 1.512680, 1.512680
15 May 2018, 1.511300, 1.511300
16 May 2018, 1.512260, 1.512260
17 May 2018, 1.512320, 1.512320
18 May 2018, 1.510630, 1.510630
19 May 2018, 1.510630, 1.510630
20 May 2018, 1.510630, 1.510630
21 May 2018, 1.510850, 1.510850
22 May 2018, 1.507910, 1.507910
23 May 2018, 1.506990, 1.506990
24 May 2018, 1.505980, 1.505980
25 May 2018, 1.504840, 1.504840
26 May 2018, 1.504840, 1.504840
27 May 2018, 1.504840, 1.504840
28 May 2018, 1.503010, 1.503010
29 May 2018, 1.500640, 1.500640
30 May 2018, 1.499470, 1.499470
31 May 2018, 1.499720, 1.499720
01 Jun 2018, 1.502000, 1.502000
02 Jun 2018, 1.502000, 1.502000
03 Jun 2018, 1.502000, 1.502000
04 Jun 2018, 1.503710, 1.503710
05 Jun 2018, 1.503600, 1.503600
06 Jun 2018, 1.505570, 1.505570
07 Jun 2018, 1.508480, 1.508480
08 Jun 2018, 1.509560, 1.509560
09 Jun 2018, 1.509560, 1.509560
10 Jun 2018, 1.509560, 1.509560
11 Jun 2018, 1.510580, 1.510580
12 Jun 2018, 1.511750, 1.511750
13 Jun 2018, 1.509950, 1.509950
14 Jun 2018, 1.512750, 1.512750
15 Jun 2018, 1.518710, 1.518710
16 Jun 2018, 1.518710, 1.518710
17 Jun 2018, 1.518710, 1.518710
18 Jun 2018, 1.518850, 1.518850
19 Jun 2018, 1.517130, 1.517130
20 Jun 2018, 1.521670, 1.521670
21 Jun 2018, 1.521760, 1.521760
22 Jun 2018, 1.521400, 1.521400
23 Jun 2018, 1.521400, 1.521400
24 Jun 2018, 1.521400, 1.521400
25 Jun 2018, 1.515460, 1.515460
26 Jun 2018, 1.515240, 1.515240
27 Jun 2018, 1.516940, 1.516940
28 Jun 2018, 1.521670, 1.521670
29 Jun 2018, 1.522970, 1.522970
30 Jun 2018, 1.522970, 1.522970
01 Jul 2018, 1.522970, 1.522970
02 Jul 2018, 1.523370, 1.523370
03 Jul 2018, 1.522770, 1.522770
04 Jul 2018, 1.521010, 1.521010
05 Jul 2018, 1.524430, 1.524430
06 Jul 2018, 1.528760, 1.528760
07 Jul 2018, 1.528760, 1.528760
08 Jul 2018, 1.528760, 1.528760
09 Jul 2018, 1.532820, 1.532820
10 Jul 2018, 1.532510, 1.532510
11 Jul 2018, 1.528720, 1.528720
12 Jul 2018, 1.534160, 1.534160
13 Jul 2018, 1.534880, 1.534880
14 Jul 2018, 1.534880, 1.534880
15 Jul 2018, 1.534880, 1.534880
16 Jul 2018, 1.532230, 1.532230
17 Jul 2018, 1.532580, 1.532580
18 Jul 2018, 1.536230, 1.536230
19 Jul 2018, 1.537230, 1.537230
20 Jul 2018, 1.536120, 1.536120
21 Jul 2018, 1.536120, 1.536120
22 Jul 2018, 1.536120, 1.536120
23 Jul 2018, 1.534260, 1.534260
24 Jul 2018, 1.536730, 1.536730
25 Jul 2018, 1.539390, 1.539390
26 Jul 2018, 1.540690, 1.540690
27 Jul 2018, 1.541950, 1.541950
28 Jul 2018, 1.541950, 1.541950
29 Jul 2018, 1.541950, 1.541950
30 Jul 2018, 1.538960, 1.538960
31 Jul 2018, 1.539080, 1.539080
01 Aug 2018, 1.539450, 1.539450
02 Aug 2018, 1.537500, 1.537500
03 Aug 2018, 1.537710, 1.537710
04 Aug 2018, 1.537710, 1.537710
05 Aug 2018, 1.537710, 1.537710
06 Aug 2018, 1.540860, 1.540860
07 Aug 2018, 1.540430, 1.540430
08 Aug 2018, 1.541200, 1.541200
09 Aug 2018, 1.543810, 1.543810
10 Aug 2018, 1.541820, 1.541820
11 Aug 2018, 1.541820, 1.541820
12 Aug 2018, 1.541820, 1.541820
13 Aug 2018, 1.538060, 1.538060
14 Aug 2018, 1.543760, 1.543760
15 Aug 2018, 1.543330, 1.543330
16 Aug 2018, 1.543660, 1.543660
17 Aug 2018, 1.545470, 1.545470
18 Aug 2018, 1.545470, 1.545470
19 Aug 2018, 1.545470, 1.545470
20 Aug 2018, 1.547210, 1.547210
21 Aug 2018, 1.544530, 1.544530
22 Aug 2018, 1.544820, 1.544820
23 Aug 2018, 1.546570, 1.546570
24 Aug 2018, 1.546920, 1.546920
25 Aug 2018, 1.546920, 1.546920
26 Aug 2018, 1.546920, 1.546920
27 Aug 2018, 1.551480, 1.551480
28 Aug 2018, 1.553870, 1.553870
29 Aug 2018, 1.559690, 1.559690
30 Aug 2018, 1.557650, 1.557650
31 Aug 2018, 1.558090, 1.558090
01 Sep 2018, 1.558090, 1.558090
02 Sep 2018, 1.558090, 1.558090
03 Sep 2018, 1.557290, 1.557290
04 Sep 2018, 1.557230, 1.557230
05 Sep 2018, 1.550520, 1.550520
06 Sep 2018, 1.545580, 1.545580
07 Sep 2018, 1.547080, 1.547080
08 Sep 2018, 1.547080, 1.547080
09 Sep 2018, 1.547080, 1.547080
10 Sep 2018, 1.548680, 1.548680
11 Sep 2018, 1.552250, 1.552250
12 Sep 2018, 1.551120, 1.551120
13 Sep 2018, 1.549600, 1.549600
14 Sep 2018, 1.553360, 1.553360
15 Sep 2018, 1.553360, 1.553360
16 Sep 2018, 1.553360, 1.553360
17 Sep 2018, 1.552390, 1.552390
18 Sep 2018, 1.551410, 1.551410
19 Sep 2018, 1.552540, 1.552540
20 Sep 2018, 1.554320, 1.554320
21 Sep 2018, 1.556830, 1.556830
22 Sep 2018, 1.556830, 1.556830
23 Sep 2018, 1.556830, 1.556830
24 Sep 2018, 1.555530, 1.555530
25 Sep 2018, 1.556490, 1.556490
26 Sep 2018, 1.556760, 1.556760
27 Sep 2018, 1.558620, 1.558620
28 Sep 2018, 1.558670, 1.558670
29 Sep 2018, 1.558670, 1.558670
30 Sep 2018, 1.558670, 1.558670
01 Oct 2018, 1.558240, 1.558240
02 Oct 2018, 1.555270, 1.555270
03 Oct 2018, 1.558930, 1.558930
04 Oct 2018, 1.558410, 1.558410
05 Oct 2018, 1.557480, 1.557480
06 Oct 2018, 1.557480, 1.557480
07 Oct 2018, 1.557480, 1.557480
08 Oct 2018, 1.551340, 1.551340
09 Oct 2018, 1.546750, 1.546750
10 Oct 2018, 1.536900, 1.536900
11 Oct 2018, 1.518890, 1.518890
12 Oct 2018, 1.523630, 1.523630
13 Oct 2018, 1.523630, 1.523630
14 Oct 2018, 1.523630, 1.523630
15 Oct 2018, 1.517760, 1.517760
16 Oct 2018, 1.526980, 1.526980
17 Oct 2018, 1.531230, 1.531230
18 Oct 2018, 1.525820, 1.525820
19 Oct 2018, 1.524340, 1.524340
20 Oct 2018, 1.524340, 1.524340
21 Oct 2018, 1.524340, 1.524340
22 Oct 2018, 1.523510, 1.523510
23 Oct 2018, 1.516350, 1.516350
24 Oct 2018, 1.507420, 1.507420
25 Oct 2018, 1.501070, 1.501070
26 Oct 2018, 1.496470, 1.496470
27 Oct 2018, 1.496470, 1.496470
28 Oct 2018, 1.496470, 1.496470
29 Oct 2018, 1.499310, 1.499310
30 Oct 2018, 1.505660, 1.505660
31 Oct 2018, 1.514100, 1.514100
01 Nov 2018, 1.514800, 1.514800
02 Nov 2018, 1.516650, 1.516650
03 Nov 2018, 1.516650, 1.516650
04 Nov 2018, 1.516650, 1.516650
05 Nov 2018, 1.514510, 1.514510
06 Nov 2018, 1.518310, 1.518310
07 Nov 2018, 1.523200, 1.523200
08 Nov 2018, 1.525500, 1.525500
09 Nov 2018, 1.522170, 1.522170
10 Nov 2018, 1.522170, 1.522170
11 Nov 2018, 1.522170, 1.522170
12 Nov 2018, 1.520070, 1.520070
13 Nov 2018, 1.514700, 1.514700
14 Nov 2018, 1.506850, 1.506850
15 Nov 2018, 1.508310, 1.508310
16 Nov 2018, 1.507220, 1.507220
17 Nov 2018, 1.507220, 1.507220
18 Nov 2018, 1.507220, 1.507220
19 Nov 2018, 1.502180, 1.502180
20 Nov 2018, 1.496960, 1.496960
21 Nov 2018, 1.496540, 1.496540
22 Nov 2018, 1.499900, 1.499900
23 Nov 2018, 1.500460, 1.500460
24 Nov 2018, 1.500460, 1.500460
25 Nov 2018, 1.500460, 1.500460
26 Nov 2018, 1.502320, 1.502320
27 Nov 2018, 1.506670, 1.506670
28 Nov 2018, 1.512180, 1.512180
29 Nov 2018, 1.512220, 1.512220
30 Nov 2018, 1.508480, 1.508480
01 Dec 2018, 1.508480, 1.508480
02 Dec 2018, 1.508480, 1.508480
03 Dec 2018, 1.518120, 1.518120
04 Dec 2018, 1.506800, 1.506800
05 Dec 2018, 1.505270, 1.505270
06 Dec 2018, 1.501090, 1.501090
07 Dec 2018, 1.499720, 1.499720
08 Dec 2018, 1.499720, 1.499720
09 Dec 2018, 1.499720, 1.499720
10 Dec 2018, 1.490590, 1.490590
11 Dec 2018, 1.491250, 1.491250
12 Dec 2018, 1.498720, 1.498720
13 Dec 2018, 1.499870, 1.499870
14 Dec 2018, 1.492850, 1.492850
15 Dec 2018, 1.492850, 1.492850
16 Dec 2018, 1.492850, 1.492850
17 Dec 2018, 1.490370, 1.490370
18 Dec 2018, 1.485400, 1.485400
19 Dec 2018, 1.483630, 1.483630
20 Dec 2018, 1.477850, 1.477850
21 Dec 2018, 1.471370, 1.471370
22 Dec 2018, 1.471370, 1.471370
23 Dec 2018, 1.471370, 1.471370
24 Dec 2018, 1.471640, 1.471640
25 Dec 2018, 1.471640, 1.471640
26 Dec 2018, 1.471640, 1.471640
27 Dec 2018, 1.488510, 1.488510
28 Dec 2018, 1.494430, 1.494430
29 Dec 2018, 1.494430, 1.494430
30 Dec 2018, 1.494430, 1.494430
31 Dec 2018, 1.496620, 1.496620
01 Jan 2019, 1.496620, 1.496620
02 Jan 2019, 1.493150, 1.493150
03 Jan 2019, 1.492680, 1.492680
04 Jan 2019, 1.497060, 1.497060
05 Jan 2019, 1.497060, 1.497060
06 Jan 2019, 1.497060, 1.497060
07 Jan 2019, 1.503450, 1.503450
08 Jan 2019, 1.508640, 1.508640
09 Jan 2019, 1.514460, 1.514460
10 Jan 2019, 1.515940, 1.515940
11 Jan 2019, 1.514930, 1.514930
12 Jan 2019, 1.514930, 1.514930
13 Jan 2019, 1.514930, 1.514930
14 Jan 2019, 1.512420, 1.512420
15 Jan 2019, 1.518380, 1.518380
16 Jan 2019, 1.521840, 1.521840
17 Jan 2019, 1.525180, 1.525180
18 Jan 2019, 1.530700, 1.530700
19 Jan 2019, 1.530700, 1.530700
20 Jan 2019, 1.530700, 1.530700
21 Jan 2019, 1.532440, 1.532440
22 Jan 2019, 1.527710, 1.527710
23 Jan 2019, 1.527080, 1.527080
24 Jan 2019, 1.530990, 1.530990
25 Jan 2019, 1.535020, 1.535020
26 Jan 2019, 1.535020, 1.535020
27 Jan 2019, 1.535020, 1.535020
28 Jan 2019, 1.535020, 1.535020
29 Jan 2019, 1.531740, 1.531740
30 Jan 2019, 1.534370, 1.534370
31 Jan 2019, 1.533230, 1.533230
01 Feb 2019, 1.534740, 1.534740
02 Feb 2019, 1.534740, 1.534740
03 Feb 2019, 1.534740, 1.534740
04 Feb 2019, 1.539250, 1.539250
05 Feb 2019, 1.547460, 1.547460
06 Feb 2019, 1.552690, 1.552690
07 Feb 2019, 1.554240, 1.554240
08 Feb 2019, 1.552870, 1.552870
09 Feb 2019, 1.552870, 1.552870
10 Feb 2019, 1.552870, 1.552870
11 Feb 2019, 1.554330, 1.554330
12 Feb 2019, 1.558760, 1.558760
13 Feb 2019, 1.559620, 1.559620
14 Feb 2019, 1.559570, 1.559570
15 Feb 2019, 1.561530, 1.561530
16 Feb 2019, 1.561530, 1.561530
17 Feb 2019, 1.561530, 1.561530
18 Feb 2019, 1.563310, 1.563310
19 Feb 2019, 1.564690, 1.564690
20 Feb 2019, 1.565610, 1.565610
21 Feb 2019, 1.570250, 1.570250
22 Feb 2019, 1.572270, 1.572270
23 Feb 2019, 1.572270, 1.572270
24 Feb 2019, 1.572270, 1.572270
25 Feb 2019, 1.573610, 1.573610
26 Feb 2019, 1.570850, 1.570850
27 Feb 2019, 1.573940, 1.573940
28 Feb 2019, 1.574640, 1.574640
01 Mar 2019, 1.578470, 1.578470
02 Mar 2019, 1.578470, 1.578470
03 Mar 2019, 1.578470, 1.578470
04 Mar 2019, 1.579880, 1.579880
05 Mar 2019, 1.579490, 1.579490
06 Mar 2019, 1.582700, 1.582700
07 Mar 2019, 1.581760, 1.581760
08 Mar 2019, 1.575710, 1.575710
09 Mar 2019, 1.575710, 1.575710
10 Mar 2019, 1.575710, 1.575710
11 Mar 2019, 1.578360, 1.578360
12 Mar 2019, 1.579280, 1.579280
13 Mar 2019, 1.580560, 1.580560
14 Mar 2019, 1.583020, 1.583020
15 Mar 2019, 1.584130, 1.584130
16 Mar 2019, 1.584130, 1.584130
17 Mar 2019, 1.584130, 1.584130
18 Mar 2019, 1.586940, 1.586940
19 Mar 2019, 1.587500, 1.587500
20 Mar 2019, 1.585270, 1.585270
21 Mar 2019, 1.587400, 1.587400
22 Mar 2019, 1.583650, 1.583650
23 Mar 2019, 1.583650, 1.583650
24 Mar 2019, 1.583650, 1.583650
25 Mar 2019, 1.576690, 1.576690
26 Mar 2019, 1.578510, 1.578510
27 Mar 2019, 1.580980, 1.580980
28 Mar 2019, 1.584670, 1.584670
29 Mar 2019, 1.586710, 1.586710
30 Mar 2019, 1.586710, 1.586710
31 Mar 2019, 1.586710, 1.586710
01 Apr 2019, 1.592940, 1.592940
02 Apr 2019, 1.597510, 1.597510
03 Apr 2019, 1.600380, 1.600380
04 Apr 2019, 1.597860, 1.597860
05 Apr 2019, 1.597340, 1.597340
06 Apr 2019, 1.597340, 1.597340
07 Apr 2019, 1.597340, 1.597340
08 Apr 2019, 1.599810, 1.599810
09 Apr 2019, 1.598190, 1.598190
10 Apr 2019, 1.599620, 1.599620
11 Apr 2019, 1.597970, 1.597970
12 Apr 2019, 1.600970, 1.600970
13 Apr 2019, 1.600970, 1.600970
14 Apr 2019, 1.600970, 1.600970
15 Apr 2019, 1.601220, 1.601220
16 Apr 2019, 1.603740, 1.603740
17 Apr 2019, 1.602240, 1.602240
18 Apr 2019, 1.603540, 1.603540
19 Apr 2019, 1.603540, 1.603540
20 Apr 2019, 1.603540, 1.603540
21 Apr 2019, 1.603540, 1.603540
22 Apr 2019, 1.603540, 1.603540
23 Apr 2019, 1.612190, 1.612190
24 Apr 2019, 1.617240, 1.617240
25 Apr 2019, 1.617240, 1.617240
26 Apr 2019, 1.617850, 1.617850
27 Apr 2019, 1.617850, 1.617850
28 Apr 2019, 1.617850, 1.617850
29 Apr 2019, 1.616790, 1.616790
30 Apr 2019, 1.615840, 1.615840
01 May 2019, 1.617080, 1.617080
02 May 2019, 1.615560, 1.615560
03 May 2019, 1.618040, 1.618040
04 May 2019, 1.618040, 1.618040
05 May 2019, 1.618040, 1.618040
06 May 2019, 1.613750, 1.613750
07 May 2019, 1.608480, 1.608480
08 May 2019, 1.606090, 1.606090
09 May 2019, 1.604880, 1.604880
10 May 2019, 1.606460, 1.606460
11 May 2019, 1.606460, 1.606460
12 May 2019, 1.606460, 1.606460
13 May 2019, 1.600220, 1.600220
14 May 2019, 1.600560, 1.600560
15 May 2019, 1.606270, 1.606270
16 May 2019, 1.614470, 1.614470
17 May 2019, 1.615420, 1.615420
18 May 2019, 1.615420, 1.615420
19 May 2019, 1.615420, 1.615420
20 May 2019, 1.617130, 1.617130
21 May 2019, 1.622710, 1.622710
22 May 2019, 1.622630, 1.622630
23 May 2019, 1.615780, 1.615780
24 May 2019, 1.614000, 1.614000
25 May 2019, 1.614000, 1.614000
26 May 2019, 1.614000, 1.614000
27 May 2019, 1.614230, 1.614230
28 May 2019, 1.614390, 1.614390
29 May 2019, 1.608810, 1.608810
30 May 2019, 1.607780, 1.607780
31 May 2019, 1.604410, 1.604410
01 Jun 2019, 1.604410, 1.604410
02 Jun 2019, 1.604410, 1.604410
03 Jun 2019, 1.599000, 1.599000
04 Jun 2019, 1.603720, 1.603720
05 Jun 2019, 1.607360, 1.607360
06 Jun 2019, 1.609870, 1.609870
07 Jun 2019, 1.616450, 1.616450
08 Jun 2019, 1.616450, 1.616450
09 Jun 2019, 1.616450, 1.616450
10 Jun 2019, 1.621350, 1.621350
11 Jun 2019, 1.630160, 1.630160
12 Jun 2019, 1.630080, 1.630080
13 Jun 2019, 1.632310, 1.632310
14 Jun 2019, 1.633260, 1.633260
15 Jun 2019, 1.633260, 1.633260
16 Jun 2019, 1.633260, 1.633260
17 Jun 2019, 1.633150, 1.633150
18 Jun 2019, 1.639530, 1.639530
19 Jun 2019, 1.647130, 1.647130
20 Jun 2019, 1.651450, 1.651450
21 Jun 2019, 1.648770, 1.648770
22 Jun 2019, 1.648770, 1.648770
23 Jun 2019, 1.648770, 1.648770
24 Jun 2019, 1.646830, 1.646830
25 Jun 2019, 1.643230, 1.643230
26 Jun 2019, 1.642080, 1.642080
27 Jun 2019, 1.651900, 1.651900
28 Jun 2019, 1.652690, 1.652690
29 Jun 2019, 1.652690, 1.652690
30 Jun 2019, 1.652690, 1.652690
01 Jul 2019, 1.660410, 1.660410
02 Jul 2019, 1.660630, 1.660630
03 Jul 2019, 1.663650, 1.663650
04 Jul 2019, 1.666720, 1.666720
05 Jul 2019, 1.668920, 1.668920
06 Jul 2019, 1.668920, 1.668920
07 Jul 2019, 1.668920, 1.668920
08 Jul 2019, 1.662190, 1.662190
09 Jul 2019, 1.663350, 1.663350
10 Jul 2019, 1.664420, 1.664420
11 Jul 2019, 1.665990, 1.665990
12 Jul 2019, 1.663500, 1.663500
13 Jul 2019, 1.663500, 1.663500
14 Jul 2019, 1.663500, 1.663500
15 Jul 2019, 1.660850, 1.660850
16 Jul 2019, 1.659690, 1.659690
17 Jul 2019, 1.660690, 1.660690
18 Jul 2019, 1.657240, 1.657240
19 Jul 2019, 1.659800, 1.659800
20 Jul 2019, 1.659800, 1.659800
21 Jul 2019, 1.659800, 1.659800
22 Jul 2019, 1.659850, 1.659850
23 Jul 2019, 1.666190, 1.666190
24 Jul 2019, 1.672060, 1.672060
25 Jul 2019, 1.673690, 1.673690
26 Jul 2019, 1.676100, 1.676100
27 Jul 2019, 1.676100, 1.676100
28 Jul 2019, 1.676100, 1.676100
29 Jul 2019, 1.677640, 1.677640
30 Jul 2019, 1.678170, 1.678170
31 Jul 2019, 1.673390, 1.673390
01 Aug 2019, 1.671050, 1.671050
02 Aug 2019, 1.666090, 1.666090
03 Aug 2019, 1.666090, 1.666090
04 Aug 2019, 1.666090, 1.666090
05 Aug 2019, 1.648760, 1.648760
06 Aug 2019, 1.642030, 1.642030
07 Aug 2019, 1.645880, 1.645880
08 Aug 2019, 1.654490, 1.654490
09 Aug 2019, 1.652920, 1.652920
10 Aug 2019, 1.652920, 1.652920
11 Aug 2019, 1.652920, 1.652920
12 Aug 2019, 1.651620, 1.651620
13 Aug 2019, 1.651430, 1.651430
14 Aug 2019, 1.647780, 1.647780
15 Aug 2019, 1.635830, 1.635830
16 Aug 2019, 1.641760, 1.641760
17 Aug 2019, 1.641760, 1.641760
18 Aug 2019, 1.641760, 1.641760
19 Aug 2019, 1.649840, 1.649840
20 Aug 2019, 1.651950, 1.651950
21 Aug 2019, 1.651570, 1.651570
22 Aug 2019, 1.652890, 1.652890
23 Aug 2019, 1.647630, 1.647630
24 Aug 2019, 1.647630, 1.647630
25 Aug 2019, 1.647630, 1.647630
26 Aug 2019, 1.643320, 1.643320
27 Aug 2019, 1.646500, 1.646500
28 Aug 2019, 1.651260, 1.651260
29 Aug 2019, 1.656670, 1.656670
30 Aug 2019, 1.664780, 1.664780
31 Aug 2019, 1.664780, 1.664780
01 Sep 2019, 1.664780, 1.664780
02 Sep 2019, 1.664150, 1.664150
03 Sep 2019, 1.660260, 1.660260
04 Sep 2019, 1.662620, 1.662620
05 Sep 2019, 1.671550, 1.671550
06 Sep 2019, 1.672260, 1.672260
07 Sep 2019, 1.672260, 1.672260
08 Sep 2019, 1.672260, 1.672260
09 Sep 2019, 1.672530, 1.672530
10 Sep 2019, 1.671630, 1.671630
11 Sep 2019, 1.676840, 1.676840
12 Sep 2019, 1.678320, 1.678320
13 Sep 2019, 1.679460, 1.679460
14 Sep 2019, 1.679460, 1.679460
15 Sep 2019, 1.679460, 1.679460
16 Sep 2019, 1.679720, 1.679720
17 Sep 2019, 1.681780, 1.681780
18 Sep 2019, 1.681950, 1.681950
19 Sep 2019, 1.687150, 1.687150
20 Sep 2019, 1.689180, 1.689180
21 Sep 2019, 1.689180, 1.689180
22 Sep 2019, 1.689180, 1.689180
23 Sep 2019, 1.689290, 1.689290
24 Sep 2019, 1.686310, 1.686310
25 Sep 2019, 1.685680, 1.685680
26 Sep 2019, 1.684500, 1.684500
27 Sep 2019, 1.684520, 1.684520
28 Sep 2019, 1.684520, 1.684520
29 Sep 2019, 1.684520, 1.684520
30 Sep 2019, 1.685720, 1.685720
01 Oct 2019, 1.687580, 1.687580
02 Oct 2019, 1.674580, 1.674580
03 Oct 2019, 1.666050, 1.666050
04 Oct 2019, 1.670830, 1.670830
05 Oct 2019, 1.670830, 1.670830
06 Oct 2019, 1.670830, 1.670830
07 Oct 2019, 1.674530, 1.674530
08 Oct 2019, 1.672310, 1.672310
09 Oct 2019, 1.672510, 1.672510
10 Oct 2019, 1.673660, 1.673660
11 Oct 2019, 1.681310, 1.681310
12 Oct 2019, 1.681310, 1.681310
13 Oct 2019, 1.681310, 1.681310
14 Oct 2019, 1.684500, 1.684500
15 Oct 2019, 1.688930, 1.688930
16 Oct 2019, 1.694450, 1.694450
17 Oct 2019, 1.688660, 1.688660
18 Oct 2019, 1.684060, 1.684060
19 Oct 2019, 1.684060, 1.684060
20 Oct 2019, 1.684060, 1.684060
21 Oct 2019, 1.686100, 1.686100
22 Oct 2019, 1.687100, 1.687100
23 Oct 2019, 1.688710, 1.688710
24 Oct 2019, 1.692850, 1.692850
25 Oct 2019, 1.696260, 1.696260
26 Oct 2019, 1.696260, 1.696260
27 Oct 2019, 1.696260, 1.696260
28 Oct 2019, 1.698510, 1.698510
29 Oct 2019, 1.697550, 1.697550
30 Oct 2019, 1.694270, 1.694270
31 Oct 2019, 1.691030, 1.691030
01 Nov 2019, 1.694280, 1.694280
02 Nov 2019, 1.694280, 1.694280
03 Nov 2019, 1.694280, 1.694280
04 Nov 2019, 1.699270, 1.699270
05 Nov 2019, 1.700900, 1.700900
06 Nov 2019, 1.698880, 1.698880
07 Nov 2019, 1.704430, 1.704430
08 Nov 2019, 1.705150, 1.705150
09 Nov 2019, 1.705150, 1.705150
10 Nov 2019, 1.705150, 1.705150
11 Nov 2019, 1.707800, 1.707800
12 Nov 2019, 1.708900, 1.708900
13 Nov 2019, 1.704830, 1.704830
14 Nov 2019, 1.710080, 1.710080
15 Nov 2019, 1.715080, 1.715080
16 Nov 2019, 1.715080, 1.715080
17 Nov 2019, 1.715080, 1.715080
18 Nov 2019, 1.714400, 1.714400
19 Nov 2019, 1.717120, 1.717120
20 Nov 2019, 1.711660, 1.711660
21 Nov 2019, 1.707770, 1.707770
22 Nov 2019, 1.711710, 1.711710
23 Nov 2019, 1.711710, 1.711710
24 Nov 2019, 1.711710, 1.711710
25 Nov 2019, 1.717010, 1.717010
26 Nov 2019, 1.720050, 1.720050
27 Nov 2019, 1.725840, 1.725840
28 Nov 2019, 1.727600, 1.727600
29 Nov 2019, 1.724580, 1.724580
30 Nov 2019, 1.724580, 1.724580
01 Dec 2019, 1.724580, 1.724580
02 Dec 2019, 1.719710, 1.719710
03 Dec 2019, 1.707180, 1.707180
04 Dec 2019, 1.703140, 1.703140
05 Dec 2019, 1.710070, 1.710070
06 Dec 2019, 1.714680, 1.714680
07 Dec 2019, 1.714680, 1.714680
08 Dec 2019, 1.714680, 1.714680
09 Dec 2019, 1.715660, 1.715660
10 Dec 2019, 1.714970, 1.714970
11 Dec 2019, 1.716750, 1.716750
12 Dec 2019, 1.715980, 1.715980
13 Dec 2019, 1.722020, 1.722020
14 Dec 2019, 1.722020, 1.722020
15 Dec 2019, 1.722020, 1.722020
16 Dec 2019, 1.730770, 1.730770
17 Dec 2019, 1.733210, 1.733210
18 Dec 2019, 1.733090, 1.733090
19 Dec 2019, 1.732750, 1.732750
20 Dec 2019, 1.733230, 1.733230
21 Dec 2019, 1.733230, 1.733230
22 Dec 2019, 1.733230, 1.733230
23 Dec 2019, 1.733570, 1.733570
24 Dec 2019, 1.735910, 1.735910
25 Dec 2019, 1.735910, 1.735910
26 Dec 2019, 1.735910, 1.735910
27 Dec 2019, 1.737440, 1.737440
28 Dec 2019, 1.737440, 1.737440
29 Dec 2019, 1.737440, 1.737440
30 Dec 2019, 1.734830, 1.734830
31 Dec 2019, 1.726360, 1.726360
01 Jan 2020, 1.726360, 1.726360
02 Jan 2020, 1.732130, 1.732130
03 Jan 2020, 1.735330, 1.735330
04 Jan 2020, 1.735330, 1.735330
05 Jan 2020, 1.735330, 1.735330
06 Jan 2020, 1.735520, 1.735520
07 Jan 2020, 1.744520, 1.744520
08 Jan 2020, 1.744580, 1.744580
09 Jan 2020, 1.751300, 1.751300
10 Jan 2020, 1.752070, 1.752070
11 Jan 2020, 1.752070, 1.752070
12 Jan 2020, 1.752070, 1.752070
13 Jan 2020, 1.752180, 1.752180
14 Jan 2020, 1.755820, 1.755820
15 Jan 2020, 1.757600, 1.757600
16 Jan 2020, 1.762520, 1.762520
17 Jan 2020, 1.767240, 1.767240
18 Jan 2020, 1.767240, 1.767240
19 Jan 2020, 1.767240, 1.767240
20 Jan 2020, 1.768530, 1.768530
21 Jan 2020, 1.765740, 1.765740
22 Jan 2020, 1.771310, 1.771310
23 Jan 2020, 1.766050, 1.766050
24 Jan 2020, 1.765800, 1.765800
25 Jan 2020, 1.765800, 1.765800
26 Jan 2020, 1.765800, 1.765800
27 Jan 2020, 1.765800, 1.765800
28 Jan 2020, 1.759240, 1.759240
29 Jan 2020, 1.761660, 1.761660
30 Jan 2020, 1.759480, 1.759480
31 Jan 2020, 1.755800, 1.755800
01 Feb 2020, 1.755800, 1.755800
02 Feb 2020, 1.755800, 1.755800
03 Feb 2020, 1.752120, 1.752120
04 Feb 2020, 1.759160, 1.759160
05 Feb 2020, 1.763630, 1.763630
06 Feb 2020, 1.770580, 1.770580
07 Feb 2020, 1.768740, 1.768740
08 Feb 2020, 1.768740, 1.768740
09 Feb 2020, 1.768740, 1.768740
10 Feb 2020, 1.769350, 1.769350
11 Feb 2020, 1.772780, 1.772780
12 Feb 2020, 1.776480, 1.776480
13 Feb 2020, 1.777560, 1.777560
14 Feb 2020, 1.779610, 1.779610
15 Feb 2020, 1.779610, 1.779610
16 Feb 2020, 1.779610, 1.779610
17 Feb 2020, 1.779770, 1.779770
18 Feb 2020, 1.777920, 1.777920
19 Feb 2020, 1.784760, 1.784760
20 Feb 2020, 1.786950, 1.786950
21 Feb 2020, 1.781740, 1.781740
22 Feb 2020, 1.781740, 1.781740
23 Feb 2020, 1.781740, 1.781740
24 Feb 2020, 1.759400, 1.759400
25 Feb 2020, 1.743560, 1.743560
26 Feb 2020, 1.734280, 1.734280
27 Feb 2020, 1.714820, 1.714820
28 Feb 2020, 1.699400, 1.699400
29 Feb 2020, 1.699400, 1.699400
01 Mar 2020, 1.699400, 1.699400
02 Mar 2020, 1.704250, 1.704250
03 Mar 2020, 1.697950, 1.697950
04 Mar 2020, 1.700740, 1.700740
05 Mar 2020, 1.698660, 1.698660
06 Mar 2020, 1.675980, 1.675980
07 Mar 2020, 1.675980, 1.675980
08 Mar 2020, 1.675980, 1.675980
09 Mar 2020, 1.616460, 1.616460
10 Mar 2020, 1.643740, 1.643740
11 Mar 2020, 1.615390, 1.615390
12 Mar 2020, 1.558520, 1.558520
13 Mar 2020, 1.594110, 1.594110
14 Mar 2020, 1.594110, 1.594110
15 Mar 2020, 1.594110, 1.594110
16 Mar 2020, 1.525170, 1.525170
17 Mar 2020, 1.559750, 1.559750
18 Mar 2020, 1.520040, 1.520040
19 Mar 2020, 1.508170, 1.508170
20 Mar 2020, 1.510720, 1.510720
21 Mar 2020, 1.510720, 1.510720
22 Mar 2020, 1.510720, 1.510720
23 Mar 2020, 1.481510, 1.481510
24 Mar 2020, 1.492580, 1.492580
25 Mar 2020, 1.517260, 1.517260
26 Mar 2020, 1.535240, 1.535240
27 Mar 2020, 1.503100, 1.503100
28 Mar 2020, 1.503100, 1.503100
29 Mar 2020, 1.503100, 1.503100
30 Mar 2020, 1.529250, 1.529250
31 Mar 2020, 1.525380, 1.525380
01 Apr 2020, 1.522640, 1.522640
02 Apr 2020, 1.523270, 1.523270
03 Apr 2020, 1.513210, 1.513210
04 Apr 2020, 1.513210, 1.513210
05 Apr 2020, 1.513210, 1.513210